host,task,rule,rho,draws,qubit_spread,assessed_mean
pegasus6,pegasus6-modular18-1,fewest qubits,0.1646463899845355,8,1,0.598876953125
pegasus6,pegasus6-modular18-1,256-read measurement,0.6265060240963856,8,1,0.598876953125
pegasus6,pegasus6-scalefree16-8,fewest qubits,0.08813576890402883,8,4,0.254638671875
pegasus6,pegasus6-scalefree16-8,shortest chain,0.08297398136450224,8,4,0.254638671875
pegasus6,pegasus6-scalefree16-8,256-read measurement,0.6686746987951807,8,4,0.254638671875
pegasus6,pegasus6-dense16-0,fewest qubits,0.4879500364742666,8,3,0.100341796875
pegasus6,pegasus6-dense16-0,shortest chain,0.4123930494211613,8,3,0.100341796875
pegasus6,pegasus6-dense16-0,256-read measurement,0.8809523809523809,8,3,0.100341796875
pegasus6,pegasus6-dense18-11,fewest qubits,0.7065994945288229,8,7,0.147216796875
pegasus6,pegasus6-dense18-11,shortest chain,0.50709255283711,8,7,0.147216796875
pegasus6,pegasus6-dense18-11,256-read measurement,0.8095238095238095,8,7,0.147216796875
pegasus6,pegasus6-modular18-17,fewest qubits,-0.23145502494313785,8,2,0.81884765625
pegasus6,pegasus6-modular18-17,256-read measurement,0.8383383833392813,8,2,0.81884765625
pegasus6,pegasus6-dense16-18,fewest qubits,0.8400825588825814,8,3,0.3037109375
pegasus6,pegasus6-dense16-18,256-read measurement,0.9761904761904762,8,3,0.3037109375
pegasus6,pegasus6-scalefree16-13,fewest qubits,0.6546536707079771,8,3,0.65234375
pegasus6,pegasus6-scalefree16-13,256-read measurement,0.9523809523809523,8,3,0.65234375
pegasus6,pegasus6-scalefree18-17,fewest qubits,0.5682911427735109,8,3,0.42578125
pegasus6,pegasus6-scalefree18-17,shortest chain,0.5773502691896257,8,3,0.42578125
pegasus6,pegasus6-scalefree18-17,256-read measurement,0.9761904761904762,8,3,0.42578125
pegasus6,pegasus6-modular18-18,fewest qubits,0.2519763153394848,8,1,0.37158203125
pegasus6,pegasus6-modular18-18,256-read measurement,0.7857142857142857,8,1,0.37158203125
pegasus6,pegasus6-modular18-12,256-read measurement,0.8012048192771084,8,0,0.88916015625
pegasus6,pegasus6-dense18-3,fewest qubits,0.1718600156490827,8,5,0.507080078125
pegasus6,pegasus6-dense18-3,256-read measurement,0.9285714285714286,8,5,0.507080078125
pegasus6,pegasus6-clique16-18,fewest qubits,0.2393774995725106,8,2,0.230224609375
pegasus6,pegasus6-clique16-18,shortest chain,0.5773502691896257,8,2,0.230224609375
pegasus6,pegasus6-clique16-18,256-read measurement,0.9581010095306072,8,2,0.230224609375
pegasus6,pegasus6-scalefree16-11,fewest qubits,0.48251749113550346,8,2,0.217529296875
pegasus6,pegasus6-scalefree16-11,256-read measurement,0.7142857142857143,8,2,0.217529296875
pegasus6,pegasus6-dense20-17,fewest qubits,0.17878330548357893,8,3,0.23681640625
pegasus6,pegasus6-dense20-17,256-read measurement,0.9285714285714286,8,3,0.23681640625
pegasus6,pegasus6-modular16-9,fewest qubits,0.1901172751573434,8,1,0.723388671875
pegasus6,pegasus6-modular16-9,shortest chain,0.1901172751573434,8,1,0.723388671875
pegasus6,pegasus6-modular16-9,256-read measurement,-0.29518072289156627,8,1,0.723388671875
pegasus6,pegasus6-clique18-5,fewest qubits,-0.10216188884775938,8,4,0.1923828125
pegasus6,pegasus6-clique18-5,256-read measurement,0.994029797388005,8,4,0.1923828125
pegasus6,pegasus6-modular18-16,fewest qubits,-0.024708310555370042,8,3,0.153076171875
pegasus6,pegasus6-modular18-16,256-read measurement,0.7857142857142857,8,3,0.153076171875
pegasus6,pegasus6-scalefree16-1,fewest qubits,-0.676822513616406,8,3,0.142822265625
pegasus6,pegasus6-scalefree16-1,shortest chain,0.5773502691896257,8,3,0.142822265625
pegasus6,pegasus6-scalefree16-1,256-read measurement,0.9761904761904762,8,3,0.142822265625
pegasus6,pegasus6-dense20-19,fewest qubits,-0.013041013273932527,8,2,0.6171875
pegasus6,pegasus6-dense20-19,shortest chain,0.5773502691896257,8,2,0.6171875
pegasus6,pegasus6-dense20-19,256-read measurement,0.9047619047619048,8,2,0.6171875
pegasus6,pegasus6-dense18-7,fewest qubits,0.30689288508764767,8,4,0.31640625
pegasus6,pegasus6-dense18-7,shortest chain,-0.08247860988423225,8,4,0.31640625
pegasus6,pegasus6-dense18-7,256-read measurement,0.9285714285714286,8,4,0.31640625
pegasus6,pegasus6-modular18-0,fewest qubits,0.5657789498610036,8,2,0.65087890625
pegasus6,pegasus6-modular18-0,256-read measurement,0.34156502553198664,8,2,0.65087890625
pegasus6,pegasus6-dense18-8,fewest qubits,0.1718600156490827,8,4,0.450439453125
pegasus6,pegasus6-dense18-8,256-read measurement,0.8622909085775465,8,4,0.450439453125
pegasus6,pegasus6-dense18-2,fewest qubits,0.49397776347399625,8,6,0.19970703125
pegasus6,pegasus6-dense18-2,shortest chain,0.5703518254720301,8,6,0.19970703125
pegasus6,pegasus6-dense18-2,256-read measurement,0.9700772721497398,8,6,0.19970703125
pegasus6,pegasus6-clique16-5,fewest qubits,0.012683657235796024,8,4,0.204833984375
pegasus6,pegasus6-clique16-5,shortest chain,0.1690308509457033,8,4,0.204833984375
pegasus6,pegasus6-clique16-5,256-read measurement,0.9047619047619048,8,4,0.204833984375
pegasus6,pegasus6-modular16-3,256-read measurement,0.6467181814331598,8,0,0.757568359375
pegasus6,pegasus6-dense18-0,fewest qubits,0.1259881576697424,8,1,0.28955078125
pegasus6,pegasus6-dense18-0,256-read measurement,0.9761904761904762,8,1,0.28955078125
pegasus6,pegasus6-clique20-10,fewest qubits,0.28414557138675545,8,5,0.239501953125
pegasus6,pegasus6-clique20-10,256-read measurement,0.994029797388005,8,5,0.239501953125
pegasus6,pegasus6-scalefree18-19,fewest qubits,0.6650916769705588,8,2,0.591064453125
pegasus6,pegasus6-scalefree18-19,256-read measurement,0.9285714285714286,8,2,0.591064453125
pegasus6,pegasus6-modular20-7,shortest chain,-0.4123930494211613,8,0,0.673828125
pegasus6,pegasus6-modular20-7,256-read measurement,0.7142857142857143,8,0,0.673828125
pegasus6,pegasus6-modular20-10,fewest qubits,0.5618903886626766,8,5,0.49365234375
pegasus6,pegasus6-modular20-10,256-read measurement,0.9523809523809523,8,5,0.49365234375
zephyr4,zephyr4-modular18-1,fewest qubits,0.2182178902359924,8,1,0.580078125
zephyr4,zephyr4-modular18-1,256-read measurement,0.5748606057183643,8,1,0.580078125
zephyr4,zephyr4-scalefree16-8,fewest qubits,0.8728715609439696,8,1,0.220703125
zephyr4,zephyr4-scalefree16-8,256-read measurement,0.9761904761904762,8,1,0.220703125
zephyr4,zephyr4-dense16-0,fewest qubits,0.4571037452743458,8,3,0.132568359375
zephyr4,zephyr4-dense16-0,256-read measurement,0.9761904761904762,8,3,0.132568359375
zephyr4,zephyr4-dense18-11,fewest qubits,0.3779644730092272,8,1,0.2177734375
zephyr4,zephyr4-dense18-11,256-read measurement,1.0,8,1,0.2177734375
zephyr4,zephyr4-modular18-17,fewest qubits,0.6546536707079772,8,1,0.742431640625
zephyr4,zephyr4-modular18-17,256-read measurement,0.9285714285714286,8,1,0.742431640625
zephyr4,zephyr4-dense16-18,fewest qubits,0.32732683535398854,8,2,0.275146484375
zephyr4,zephyr4-dense16-18,256-read measurement,0.9285714285714286,8,2,0.275146484375
zephyr4,zephyr4-scalefree16-13,256-read measurement,0.5149792926227014,8,0,0.759765625
zephyr4,zephyr4-scalefree18-17,fewest qubits,0.26082026547865056,8,2,0.5
zephyr4,zephyr4-scalefree18-17,256-read measurement,0.8503146459584139,8,2,0.5
zephyr4,zephyr4-modular18-18,fewest qubits,-0.24304943283431432,8,2,0.4091796875
zephyr4,zephyr4-modular18-18,256-read measurement,0.9221722216732094,8,2,0.4091796875
zephyr4,zephyr4-modular18-12,fewest qubits,0.5039526306789696,8,1,0.78564453125
zephyr4,zephyr4-modular18-12,256-read measurement,0.9761904761904762,8,1,0.78564453125
zephyr4,zephyr4-dense18-3,fewest qubits,0.05108094442387969,8,3,0.7236328125
zephyr4,zephyr4-dense18-3,256-read measurement,1.0,8,3,0.7236328125
zephyr4,zephyr4-clique16-18,fewest qubits,-0.05039526306789696,8,2,0.225830078125
zephyr4,zephyr4-clique16-18,256-read measurement,0.9761904761904762,8,2,0.225830078125
zephyr4,zephyr4-scalefree16-11,fewest qubits,0.20990941411535427,8,2,0.257080078125
zephyr4,zephyr4-scalefree16-11,256-read measurement,0.9221722216732094,8,2,0.257080078125
zephyr4,zephyr4-dense20-17,fewest qubits,0.5256574830378469,8,3,0.2763671875
zephyr4,zephyr4-dense20-17,256-read measurement,0.9523809523809523,8,3,0.2763671875
zephyr4,zephyr4-modular16-9,fewest qubits,0.9128709291752769,8,2,0.635498046875
zephyr4,zephyr4-modular16-9,shortest chain,0.8728715609439696,8,2,0.635498046875
zephyr4,zephyr4-modular16-9,256-read measurement,0.6428571428571429,8,2,0.635498046875
zephyr4,zephyr4-clique18-5,fewest qubits,-0.6546536707079772,8,1,0.22021484375
zephyr4,zephyr4-clique18-5,256-read measurement,0.9523809523809523,8,1,0.22021484375
zephyr4,zephyr4-modular18-16,fewest qubits,-0.3905632887762015,8,2,0.1513671875
zephyr4,zephyr4-modular18-16,256-read measurement,0.994029797388005,8,2,0.1513671875
zephyr4,zephyr4-scalefree16-1,fewest qubits,-0.3944053188733077,8,1,0.16552734375
zephyr4,zephyr4-scalefree16-1,256-read measurement,0.9523809523809523,8,1,0.16552734375
zephyr4,zephyr4-dense20-19,fewest qubits,-0.013041013273932527,8,2,0.7509765625
zephyr4,zephyr4-dense20-19,256-read measurement,0.8333333333333334,8,2,0.7509765625
zephyr4,zephyr4-dense18-7,fewest qubits,0.22677868380553634,8,2,0.430908203125
zephyr4,zephyr4-dense18-7,256-read measurement,0.11904761904761904,8,2,0.430908203125
zephyr4,zephyr4-modular18-0,fewest qubits,0.4076871241636057,8,3,0.551025390625
zephyr4,zephyr4-modular18-0,256-read measurement,0.994029797388005,8,3,0.551025390625
zephyr4,zephyr4-dense18-8,fewest qubits,0.3459163477751806,8,4,0.541748046875
zephyr4,zephyr4-dense18-8,256-read measurement,0.8982196964349443,8,4,0.541748046875
zephyr4,zephyr4-dense18-2,fewest qubits,0.7165410061057312,8,3,0.28515625
zephyr4,zephyr4-dense18-2,256-read measurement,0.9221722216732094,8,3,0.28515625
zephyr4,zephyr4-clique16-5,fewest qubits,0.32732683535398854,8,2,0.427734375
zephyr4,zephyr4-clique16-5,256-read measurement,0.9285714285714286,8,2,0.427734375
zephyr4,zephyr4-modular16-3,256-read measurement,0.8809523809523809,8,0,0.759765625
zephyr4,zephyr4-dense18-0,fewest qubits,-0.2393774995725106,8,2,0.365478515625
zephyr4,zephyr4-dense18-0,256-read measurement,0.9047619047619048,8,2,0.365478515625
zephyr4,zephyr4-clique20-10,fewest qubits,0.11048143863155317,8,4,0.37109375
zephyr4,zephyr4-clique20-10,shortest chain,-0.08247860988423225,8,4,0.37109375
zephyr4,zephyr4-clique20-10,256-read measurement,0.9761904761904762,8,4,0.37109375
zephyr4,zephyr4-scalefree18-19,fewest qubits,-0.3944053188733077,8,1,0.35888671875
zephyr4,zephyr4-scalefree18-19,256-read measurement,1.0,8,1,0.35888671875
zephyr4,zephyr4-modular20-7,fewest qubits,0.08247860988423225,8,1,0.690673828125
zephyr4,zephyr4-modular20-7,256-read measurement,0.6826469692905577,8,1,0.690673828125
zephyr4,zephyr4-modular20-10,fewest qubits,0.7609216261681593,8,2,0.605712890625
zephyr4,zephyr4-modular20-10,256-read measurement,0.9819277108433735,8,2,0.605712890625
