source,task,variables,arm,qubits,longest,residual,p_solve,broken
broken_pre_p3.log,pegasus3-fill30-a3.0-22,32,policy,79,7,0.09112177309782309,0.09716796875,0.0788421630859375
broken_pre_p3.log,pegasus3-fill30-a3.0-22,32,pruned,39,3,0.0575683593749984,0.24609375,0.03937530517578125
broken_pre_p3.log,pegasus3-fill30-a3.0-22,32,minorminer,33,,0.05244352921195484,0.1767578125,0.02210235595703125
broken_pre_p3.log,pegasus3-fill30-a3.0-17,34,policy,98,9,0.06827609181568213,0.18408203125,0.061566521139705885
broken_pre_p3.log,pegasus3-fill30-a3.0-17,34,pruned,58,4,0.08679719738652121,0.176025390625,0.06454647288602941
broken_pre_p3.log,pegasus3-fill30-a3.0-17,34,minorminer,39,,0.031560297025447055,0.304443359375,0.018669577205882353
broken_pre_p3.log,pegasus3-fill30-a3.0-19,30,policy,79,9,0.09045930046848435,0.110107421875,0.06951497395833334
broken_pre_p3.log,pegasus3-fill30-a3.0-19,30,pruned,50,4,0.095207357325384,0.057373046875,0.08114420572916667
broken_pre_p3.log,pegasus3-fill30-a3.0-19,30,minorminer,30,,0.03519617759795635,0.42138671875,0.0
broken_pre_p3.log,pegasus3-fill30-a3.0-21,26,policy,74,7,0.13667782738095366,0.121337890625,0.0728290264423077
broken_pre_p3.log,pegasus3-fill30-a3.0-21,26,pruned,45,4,0.18867373511905075,0.045166015625,0.07047213040865384
broken_pre_p3.log,pegasus3-fill30-a3.0-21,26,minorminer,28,,0.12864769345237986,0.371337890625,0.029137244591346152
broken_pre_p3.log,pegasus3-fill30-a3.0-25,32,policy,87,9,0.10027821858723951,0.092529296875,0.0836639404296875
broken_pre_p3.log,pegasus3-fill30-a3.0-25,32,pruned,47,7,0.1242065429687503,0.119140625,0.04607391357421875
broken_pre_p3.log,pegasus3-fill30-a3.0-25,32,minorminer,33,,0.07026926676432278,0.2197265625,0.00791168212890625
broken_pre_p3.log,pegasus3-fill30-a3.0-7,31,policy,92,8,0.05480367100371846,0.43505859375,0.04750504032258065
broken_pre_p3.log,pegasus3-fill30-a3.0-7,31,pruned,47,5,0.06458200220725052,0.249755859375,0.05090725806451613
broken_pre_p3.log,pegasus3-fill30-a3.0-7,31,minorminer,35,,0.02587346073420041,0.476806640625,0.034817603326612906
broken_pre_p3.log,pegasus3-fill30-a3.0-10,29,policy,71,5,0.09728845373376327,0.14501953125,0.08244376346982758
broken_pre_p3.log,pegasus3-fill30-a3.0-10,29,pruned,46,3,0.12428433731446789,0.129638671875,0.07447130926724138
broken_pre_p3.log,pegasus3-fill30-a3.0-10,29,minorminer,30,,0.10573327342300086,0.321533203125,0.029793574892241378
broken_pre_p3.log,pegasus3-fill30-a3.0-5,34,policy,82,7,0.11295761078997939,0.1015625,0.07550407858455882
broken_pre_p3.log,pegasus3-fill30-a3.0-5,34,pruned,47,3,0.12016987295279287,0.093017578125,0.04892147288602941
broken_pre_p3.log,pegasus3-fill30-a3.0-5,34,minorminer,35,,0.05976035645472258,0.190185546875,0.0002082375919117647
broken_pre_p3.log,pegasus3-fill30-a3.0-26,33,policy,105,8,0.16596105792389093,0.06640625,0.13677053740530304
broken_pre_p3.log,pegasus3-fill30-a3.0-26,33,pruned,71,6,0.19091702793834234,0.048828125,0.12327621922348485
broken_pre_p3.log,pegasus3-fill30-a3.0-26,33,minorminer,41,,0.06194680274566626,0.23193359375,0.054524739583333336
broken_pre_p3.log,pegasus3-fill30-a3.0-15,27,policy,67,6,0.08162122601580064,0.213623046875,0.06941731770833333
broken_pre_p3.log,pegasus3-fill30-a3.0-15,27,pruned,38,4,0.08662307773701906,0.2587890625,0.051595052083333336
broken_pre_p3.log,pegasus3-fill30-a3.0-15,27,minorminer,29,,0.0288339446952606,0.461669921875,0.0003345630787037037
broken_pre_p3.log,pegasus3-fill30-a3.0-24,30,policy,95,12,0.20306745558925993,0.0849609375,0.10680338541666666
broken_pre_p3.log,pegasus3-fill30-a3.0-24,30,pruned,61,6,0.22676729040295202,0.079345703125,0.12093098958333333
broken_pre_p3.log,pegasus3-fill30-a3.0-24,30,minorminer,33,,0.11049542352686305,0.212646484375,0.029134114583333332
broken_pre_p3.log,pegasus3-fill30-a3.0-3,26,policy,66,7,0.10387296365914778,0.420166015625,0.08473557692307693
broken_pre_p3.log,pegasus3-fill30-a3.0-3,26,pruned,43,6,0.08904585682957407,0.509521484375,0.06405874399038461
broken_pre_p3.log,pegasus3-fill30-a3.0-3,26,minorminer,31,,0.06847685620300764,0.64892578125,0.017737755408653848
broken_pre_p3.log,pegasus3-fill30-a3.0-8,33,policy,79,8,0.11654273343373471,0.136474609375,0.07734079071969698
broken_pre_p3.log,pegasus3-fill30-a3.0-8,33,pruned,51,3,0.10876317771084296,0.144287109375,0.07265033143939394
broken_pre_p3.log,pegasus3-fill30-a3.0-8,33,minorminer,34,,0.0887165850903616,0.32666015625,0.010912346117424242
broken_pre_p3.log,pegasus3-fill30-a3.0-9,32,policy,73,5,0.08717516447368394,0.283447265625,0.07050323486328125
broken_pre_p3.log,pegasus3-fill30-a3.0-9,32,pruned,46,3,0.17016858552631575,0.060791015625,0.08231353759765625
broken_pre_p3.log,pegasus3-fill30-a3.0-9,32,minorminer,34,,0.03938939144736827,0.49267578125,0.00380706787109375
broken_pre_p3.log,pegasus3-fill30-a3.0-23,28,policy,97,8,0.14527196344339569,0.103515625,0.1087646484375
broken_pre_p3.log,pegasus3-fill30-a3.0-23,28,pruned,57,6,0.125068175117924,0.022216796875,0.07904052734375
broken_pre_p3.log,pegasus3-fill30-a3.0-23,28,minorminer,35,,0.251580925707545,0.054931640625,0.0677490234375
broken_pre_p3.log,pegasus3-fill30-a3.0-27,24,policy,59,5,0.143037288560778,0.128662109375,0.06705729166666667
broken_pre_p3.log,pegasus3-fill30-a3.0-27,24,pruned,42,4,0.14719887829701578,0.134765625,0.05767822265625
broken_pre_p3.log,pegasus3-fill30-a3.0-27,24,minorminer,30,,0.10005061998279667,0.193603515625,0.042429606119791664
broken_pre_p3.log,pegasus3-fill30-a3.0-11,25,policy,60,6,0.039243693524096526,0.49853515625,0.027236328125
broken_pre_p3.log,pegasus3-fill30-a3.0-11,25,pruned,28,2,0.011292827560240897,0.762939453125,0.03287109375
broken_pre_p3.log,pegasus3-fill30-a3.0-11,25,minorminer,26,,0.014733151355421508,0.68603515625,1.953125e-05
broken_pre_p3.log,pegasus3-fill30-a3.0-0,17,policy,42,5,0.042616962355907964,0.7421875,0.025304457720588234
broken_pre_p3.log,pegasus3-fill30-a3.0-0,17,pruned,26,4,0.01815787103746382,0.825439453125,0.012896369485294117
broken_pre_p3.log,pegasus3-fill30-a3.0-0,17,minorminer,18,,0.007896929034582192,0.88232421875,0.0
broken_pre_p3.log,pegasus3-fill30-a3.0-1,28,policy,55,5,0.11505007276348232,0.311279296875,0.05743408203125
broken_pre_p3.log,pegasus3-fill30-a3.0-1,28,pruned,36,3,0.04074276194852992,0.553955078125,0.03540910993303571
broken_pre_p3.log,pegasus3-fill30-a3.0-1,28,minorminer,29,,0.05228439031862805,0.536376953125,0.004481724330357143
broken_pre_p3.log,pegasus3-fill30-a3.0-2,29,policy,67,6,0.03388794163685178,0.567626953125,0.06440261314655173
broken_pre_p3.log,pegasus3-fill30-a3.0-2,29,pruned,38,3,0.020009922853309527,0.552001953125,0.07290544181034483
broken_pre_p3.log,pegasus3-fill30-a3.0-2,29,minorminer,30,,0.009003941189624167,0.736572265625,0.0005303744612068966
broken_clone_local.log,pegasus3-fill30-a3.0-22,32,policy,46,4,0.059328294836954676,0.2001953125,0.06103515625
broken_clone_local.log,pegasus3-fill30-a3.0-22,32,pruned,43,2,0.06955672554347615,0.143798828125,0.05823516845703125
broken_clone_local.log,pegasus3-fill30-a3.0-22,32,minorminer,33,,0.05244352921195484,0.1767578125,0.02210235595703125
broken_clone_local.log,pegasus3-fill30-a3.0-17,34,policy,69,6,0.08383527123452586,0.2568359375,0.04564711626838235
broken_clone_local.log,pegasus3-fill30-a3.0-17,34,pruned,66,6,0.09413686382393462,0.1796875,0.058579388786764705
broken_clone_local.log,pegasus3-fill30-a3.0-17,34,minorminer,39,,0.031560297025447055,0.304443359375,0.018669577205882353
broken_clone_local.log,pegasus3-fill30-a3.0-19,30,policy,55,5,0.1124344521933558,0.072998046875,0.10775553385416667
broken_clone_local.log,pegasus3-fill30-a3.0-19,30,pruned,49,5,0.10103845027683112,0.083984375,0.1043701171875
broken_clone_local.log,pegasus3-fill30-a3.0-19,30,minorminer,30,,0.03519617759795635,0.42138671875,0.0
broken_clone_local.log,pegasus3-fill30-a3.0-21,26,policy,85,10,0.1450000000000058,0.032958984375,0.06443434495192307
broken_clone_local.log,pegasus3-fill30-a3.0-21,26,pruned,48,6,0.16967633928571682,0.0107421875,0.07850060096153846
broken_clone_local.log,pegasus3-fill30-a3.0-21,26,minorminer,28,,0.12864769345237986,0.371337890625,0.029137244591346152
broken_clone_local.log,pegasus3-fill30-a3.0-25,32,policy,46,4,0.11054229736328168,0.16064453125,0.0427703857421875
broken_clone_local.log,pegasus3-fill30-a3.0-25,32,pruned,42,4,0.10204315185546922,0.162841796875,0.04334259033203125
broken_clone_local.log,pegasus3-fill30-a3.0-25,32,minorminer,33,,0.07026926676432278,0.2197265625,0.00791168212890625
broken_clone_local.log,pegasus3-fill30-a3.0-7,31,policy,43,4,0.04173987860130193,0.44921875,0.026075793850806453
broken_clone_local.log,pegasus3-fill30-a3.0-7,31,pruned,40,3,0.04638671875000098,0.44482421875,0.022941343245967742
broken_clone_local.log,pegasus3-fill30-a3.0-7,31,minorminer,35,,0.02587346073420041,0.476806640625,0.034817603326612906
broken_clone_local.log,pegasus3-fill30-a3.0-10,29,policy,46,3,0.1692370129870105,0.109375,0.07452182112068965
broken_clone_local.log,pegasus3-fill30-a3.0-10,29,pruned,43,3,0.16852135030148221,0.110107421875,0.07228246228448276
broken_clone_local.log,pegasus3-fill30-a3.0-10,29,minorminer,30,,0.10573327342300086,0.321533203125,0.029793574892241378
broken_clone_local.log,pegasus3-fill30-a3.0-5,34,policy,69,6,0.11676037150770797,0.05126953125,0.07424029181985294
broken_clone_local.log,pegasus3-fill30-a3.0-5,34,pruned,57,6,0.11087089053468296,0.06103515625,0.06504193474264706
broken_clone_local.log,pegasus3-fill30-a3.0-5,34,minorminer,35,,0.05976035645472258,0.190185546875,0.0002082375919117647
broken_clone_local.log,pegasus3-fill30-a3.0-26,33,policy,96,8,0.10779255479287222,0.09375,0.07219904119318182
broken_clone_local.log,pegasus3-fill30-a3.0-26,33,pruned,64,5,0.1433364191955687,0.02880859375,0.09470436789772728
broken_clone_local.log,pegasus3-fill30-a3.0-26,33,minorminer,41,,0.06194680274566626,0.23193359375,0.054524739583333336
broken_clone_local.log,pegasus3-fill30-a3.0-15,27,policy,44,8,0.05541055304740516,0.37939453125,0.015995732060185185
broken_clone_local.log,pegasus3-fill30-a3.0-15,27,pruned,39,7,0.054749224040633336,0.375732421875,0.016565393518518517
broken_clone_local.log,pegasus3-fill30-a3.0-15,27,minorminer,29,,0.0288339446952606,0.461669921875,0.0003345630787037037
broken_clone_local.log,pegasus3-fill30-a3.0-24,30,policy,83,6,0.1853691643197622,0.10986328125,0.12081705729166667
broken_clone_local.log,pegasus3-fill30-a3.0-24,30,pruned,62,5,0.20723265543761418,0.091064453125,0.11617024739583333
broken_clone_local.log,pegasus3-fill30-a3.0-24,30,minorminer,33,,0.11049542352686305,0.212646484375,0.029134114583333332
broken_clone_local.log,pegasus3-fill30-a3.0-3,26,policy,64,7,0.10525581531954906,0.523193359375,0.06600247896634616
broken_clone_local.log,pegasus3-fill30-a3.0-3,26,pruned,45,4,0.13677993812656689,0.34130859375,0.059823843149038464
broken_clone_local.log,pegasus3-fill30-a3.0-3,26,minorminer,31,,0.06847685620300764,0.64892578125,0.017737755408653848
broken_clone_local.log,pegasus3-fill30-a3.0-8,33,policy,42,2,0.11526967243976172,0.19775390625,0.069091796875
broken_clone_local.log,pegasus3-fill30-a3.0-8,33,pruned,41,2,0.11053510918675,0.208251953125,0.06753077651515152
broken_clone_local.log,pegasus3-fill30-a3.0-8,33,minorminer,34,,0.0887165850903616,0.32666015625,0.010912346117424242
broken_clone_local.log,pegasus3-fill30-a3.0-9,32,policy,47,4,0.12538240131579115,0.15478515625,0.047149658203125
broken_clone_local.log,pegasus3-fill30-a3.0-9,32,pruned,41,3,0.14247121710526528,0.162353515625,0.04450225830078125
broken_clone_local.log,pegasus3-fill30-a3.0-9,32,minorminer,34,,0.03938939144736827,0.49267578125,0.00380706787109375
broken_clone_local.log,pegasus3-fill30-a3.0-23,28,policy,58,6,0.12369730247641404,0.18603515625,0.11375209263392858
broken_clone_local.log,pegasus3-fill30-a3.0-23,28,pruned,52,5,0.12879753832546997,0.174072265625,0.10807582310267858
broken_clone_local.log,pegasus3-fill30-a3.0-23,28,minorminer,35,,0.251580925707545,0.054931640625,0.0677490234375
broken_clone_local.log,pegasus3-fill30-a3.0-27,24,policy,35,4,0.09755993764334762,0.140869140625,0.056864420572916664
broken_clone_local.log,pegasus3-fill30-a3.0-27,24,pruned,35,4,0.09388662915710988,0.154296875,0.056538899739583336
broken_clone_local.log,pegasus3-fill30-a3.0-27,24,minorminer,30,,0.10005061998279667,0.193603515625,0.042429606119791664
broken_clone_local.log,pegasus3-fill30-a3.0-11,25,policy,34,4,0.04910815135542204,0.287109375,0.048662109375
broken_clone_local.log,pegasus3-fill30-a3.0-11,25,pruned,33,4,0.05102597891566303,0.28955078125,0.047939453125
broken_clone_local.log,pegasus3-fill30-a3.0-11,25,minorminer,26,,0.014733151355421508,0.68603515625,1.953125e-05
broken_clone_local.log,pegasus3-fill30-a3.0-0,17,policy,21,2,0.010272199207492783,0.865234375,0.0015222886029411765
broken_clone_local.log,pegasus3-fill30-a3.0-0,17,pruned,19,2,0.009157735951008666,0.870361328125,0.0
broken_clone_local.log,pegasus3-fill30-a3.0-0,17,minorminer,18,,0.007896929034582192,0.88232421875,0.0
broken_clone_local.log,pegasus3-fill30-a3.0-1,28,policy,47,7,0.18391927083333506,0.154541015625,0.06442696707589286
broken_clone_local.log,pegasus3-fill30-a3.0-1,28,pruned,44,7,0.18886910232843268,0.14794921875,0.06341552734375
broken_clone_local.log,pegasus3-fill30-a3.0-1,28,minorminer,29,,0.05228439031862805,0.536376953125,0.004481724330357143
broken_clone_local.log,pegasus3-fill30-a3.0-2,29,policy,39,3,0.03547594756261225,0.423828125,0.06717234644396551
broken_clone_local.log,pegasus3-fill30-a3.0-2,29,pruned,38,3,0.03188240720035863,0.4208984375,0.06694504310344827
broken_clone_local.log,pegasus3-fill30-a3.0-2,29,minorminer,30,,0.009003941189624167,0.736572265625,0.0005303744612068966
broken_clone_physics.log,pegasus3-fill30-a3.0-22,32,policy,46,3,0.09214079483695317,0.24462890625,0.06494140625
broken_clone_physics.log,pegasus3-fill30-a3.0-22,32,pruned,42,3,0.09221085258151837,0.245849609375,0.06555938720703125
broken_clone_physics.log,pegasus3-fill30-a3.0-22,32,minorminer,33,,0.05244352921195484,0.1767578125,0.02210235595703125
broken_clone_physics.log,pegasus3-fill30-a3.0-17,34,policy,63,6,0.11868794059491142,0.06689453125,0.07491526884191177
broken_clone_physics.log,pegasus3-fill30-a3.0-17,34,pruned,60,6,0.10911709078404574,0.0595703125,0.07811781939338236
broken_clone_physics.log,pegasus3-fill30-a3.0-17,34,minorminer,39,,0.031560297025447055,0.304443359375,0.018669577205882353
broken_clone_physics.log,pegasus3-fill30-a3.0-19,30,policy,38,3,0.039307056537479027,0.374267578125,0.05016276041666667
broken_clone_physics.log,pegasus3-fill30-a3.0-19,30,pruned,36,3,0.04393533060051142,0.364013671875,0.050390625
broken_clone_physics.log,pegasus3-fill30-a3.0-19,30,minorminer,30,,0.03519617759795635,0.42138671875,0.0
broken_clone_physics.log,pegasus3-fill30-a3.0-21,26,policy,44,4,0.14135974702381263,0.078125,0.07034067007211539
broken_clone_physics.log,pegasus3-fill30-a3.0-21,26,pruned,41,3,0.14349144345238318,0.064697265625,0.07030310997596154
broken_clone_physics.log,pegasus3-fill30-a3.0-21,26,minorminer,28,,0.12864769345237986,0.371337890625,0.029137244591346152
broken_clone_physics.log,pegasus3-fill30-a3.0-25,32,policy,48,4,0.11673482259114659,0.1220703125,0.08440399169921875
broken_clone_physics.log,pegasus3-fill30-a3.0-25,32,pruned,42,4,0.11606343587239655,0.128173828125,0.08400726318359375
broken_clone_physics.log,pegasus3-fill30-a3.0-25,32,minorminer,33,,0.07026926676432278,0.2197265625,0.00791168212890625
broken_clone_physics.log,pegasus3-fill30-a3.0-7,31,policy,48,5,0.07670190520446295,0.239013671875,0.07205298639112903
broken_clone_physics.log,pegasus3-fill30-a3.0-7,31,pruned,45,5,0.09263366926115477,0.12841796875,0.08086567540322581
broken_clone_physics.log,pegasus3-fill30-a3.0-7,31,minorminer,35,,0.02587346073420041,0.476806640625,0.034817603326612906
broken_clone_physics.log,pegasus3-fill30-a3.0-10,29,policy,39,3,0.14603323573747518,0.133544921875,0.06425949622844827
broken_clone_physics.log,pegasus3-fill30-a3.0-10,29,pruned,38,3,0.1425835604127996,0.123779296875,0.062398976293103446
broken_clone_physics.log,pegasus3-fill30-a3.0-10,29,minorminer,30,,0.10573327342300086,0.321533203125,0.029793574892241378
broken_clone_physics.log,pegasus3-fill30-a3.0-5,34,policy,44,3,0.14343238198458502,0.06982421875,0.05742331112132353
broken_clone_physics.log,pegasus3-fill30-a3.0-5,34,pruned,43,3,0.14537421724470087,0.070556640625,0.052138384650735295
broken_clone_physics.log,pegasus3-fill30-a3.0-5,34,minorminer,35,,0.05976035645472258,0.190185546875,0.0002082375919117647
broken_clone_physics.log,pegasus3-fill30-a3.0-26,33,policy,63,9,0.15373615125240886,0.089599609375,0.08328894412878787
broken_clone_physics.log,pegasus3-fill30-a3.0-26,33,pruned,63,9,0.15373426962909434,0.087158203125,0.08349609375
broken_clone_physics.log,pegasus3-fill30-a3.0-26,33,minorminer,41,,0.06194680274566626,0.23193359375,0.054524739583333336
broken_clone_physics.log,pegasus3-fill30-a3.0-15,27,policy,44,4,0.10921407660834946,0.178466796875,0.06701208043981481
broken_clone_physics.log,pegasus3-fill30-a3.0-15,27,pruned,41,4,0.13838089023701747,0.1748046875,0.07262731481481481
broken_clone_physics.log,pegasus3-fill30-a3.0-15,27,minorminer,29,,0.0288339446952606,0.461669921875,0.0003345630787037037
broken_clone_physics.log,pegasus3-fill30-a3.0-24,30,policy,60,5,0.1339616957322364,0.154052734375,0.09672037760416667
broken_clone_physics.log,pegasus3-fill30-a3.0-24,30,pruned,58,5,0.15250115088821606,0.1259765625,0.10917154947916667
broken_clone_physics.log,pegasus3-fill30-a3.0-24,30,minorminer,33,,0.11049542352686305,0.212646484375,0.029134114583333332
broken_clone_physics.log,pegasus3-fill30-a3.0-3,26,policy,39,5,0.05635426456766953,0.654296875,0.022423377403846152
broken_clone_physics.log,pegasus3-fill30-a3.0-3,26,pruned,36,3,0.0726865993107771,0.6025390625,0.026836688701923076
broken_clone_physics.log,pegasus3-fill30-a3.0-3,26,minorminer,31,,0.06847685620300764,0.64892578125,0.017737755408653848
broken_clone_physics.log,pegasus3-fill30-a3.0-8,33,policy,40,3,0.06041980421686853,0.312255859375,0.014530066287878788
broken_clone_physics.log,pegasus3-fill30-a3.0-8,33,pruned,39,3,0.06285297439759156,0.314453125,0.014115767045454546
broken_clone_physics.log,pegasus3-fill30-a3.0-8,33,minorminer,34,,0.0887165850903616,0.32666015625,0.010912346117424242
broken_clone_physics.log,pegasus3-fill30-a3.0-9,32,policy,50,5,0.12419202302631227,0.063232421875,0.06531524658203125
broken_clone_physics.log,pegasus3-fill30-a3.0-9,32,pruned,48,5,0.12311677631578605,0.068115234375,0.077789306640625
broken_clone_physics.log,pegasus3-fill30-a3.0-9,32,minorminer,34,,0.03938939144736827,0.49267578125,0.00380706787109375
broken_clone_physics.log,pegasus3-fill30-a3.0-23,28,policy,51,5,0.1338738207547166,0.099853515625,0.08522251674107142
broken_clone_physics.log,pegasus3-fill30-a3.0-23,28,pruned,48,5,0.1297685731132078,0.107421875,0.08327811104910714
broken_clone_physics.log,pegasus3-fill30-a3.0-23,28,minorminer,35,,0.251580925707545,0.054931640625,0.0677490234375
broken_clone_physics.log,pegasus3-fill30-a3.0-27,24,policy,35,3,0.1759380375573356,0.051513671875,0.081298828125
broken_clone_physics.log,pegasus3-fill30-a3.0-27,24,pruned,34,3,0.19942257382453663,0.028564453125,0.087432861328125
broken_clone_physics.log,pegasus3-fill30-a3.0-27,24,minorminer,30,,0.10005061998279667,0.193603515625,0.042429606119791664
broken_clone_physics.log,pegasus3-fill30-a3.0-11,25,policy,33,3,0.012074077560240861,0.75341796875,0.033095703125
broken_clone_physics.log,pegasus3-fill30-a3.0-11,25,pruned,32,3,0.011250470632530069,0.76904296875,0.033583984375
broken_clone_physics.log,pegasus3-fill30-a3.0-11,25,minorminer,26,,0.014733151355421508,0.68603515625,1.953125e-05
broken_clone_physics.log,pegasus3-fill30-a3.0-0,17,policy,22,2,0.038654426332853035,0.81396484375,0.011072495404411764
broken_clone_physics.log,pegasus3-fill30-a3.0-0,17,pruned,21,2,0.039363630223342945,0.814453125,0.008358226102941176
broken_clone_physics.log,pegasus3-fill30-a3.0-0,17,minorminer,18,,0.007896929034582192,0.88232421875,0.0
broken_clone_physics.log,pegasus3-fill30-a3.0-1,28,policy,43,4,0.07470463771446187,0.273193359375,0.06162806919642857
broken_clone_physics.log,pegasus3-fill30-a3.0-1,28,pruned,42,3,0.0714183134191181,0.33740234375,0.06177629743303571
broken_clone_physics.log,pegasus3-fill30-a3.0-1,28,minorminer,29,,0.05228439031862805,0.536376953125,0.004481724330357143
broken_clone_physics.log,pegasus3-fill30-a3.0-2,29,policy,43,4,0.044623141211985316,0.0693359375,0.04939217403017242
broken_clone_physics.log,pegasus3-fill30-a3.0-2,29,pruned,39,4,0.03792346824686948,0.08251953125,0.043196053340517244
broken_clone_physics.log,pegasus3-fill30-a3.0-2,29,minorminer,30,,0.009003941189624167,0.736572265625,0.0005303744612068966
excess_p3_f30.log,pegasus3-fill30-a3.0-14,31,policy,85,9,0.1614611763100459,0.04541015625,
excess_p3_f30.log,pegasus3-fill30-a3.0-14,31,pruned,52,7,0.13820065161026443,0.04052734375,
excess_p3_f30.log,pegasus3-fill30-a3.0-14,31,minorminer,33,,0.05647004639738176,0.252685546875,
excess_p3_f30.log,pegasus3-fill30-a3.0-17,34,policy,105,9,0.1060597919532337,0.097900390625,
excess_p3_f30.log,pegasus3-fill30-a3.0-17,34,pruned,62,4,0.12514776048830867,0.05712890625,
excess_p3_f30.log,pegasus3-fill30-a3.0-17,34,minorminer,35,,0.01976498022695989,0.529541015625,
excess_p3_f30.log,pegasus3-fill30-a3.0-21,26,policy,68,8,0.2467912946428612,0.016357421875,
excess_p3_f30.log,pegasus3-fill30-a3.0-21,26,pruned,48,4,0.21238653273809804,0.01171875,
excess_p3_f30.log,pegasus3-fill30-a3.0-21,26,minorminer,28,,0.042899925595237746,0.50244140625,
excess_p3_f30.log,pegasus3-fill30-a3.0-4,13,policy,26,4,0.08435450072885742,0.033203125,
excess_p3_f30.log,pegasus3-fill30-a3.0-4,13,pruned,18,2,0.08088955448250193,0.0224609375,
excess_p3_f30.log,pegasus3-fill30-a3.0-4,13,minorminer,15,,0.11760033254372733,0.263916015625,
excess_p3_f30.log,pegasus3-fill30-a3.0-2,29,policy,59,6,0.0628528902057246,0.264892578125,
excess_p3_f30.log,pegasus3-fill30-a3.0-2,29,pruned,41,5,0.060478742732558134,0.2578125,
excess_p3_f30.log,pegasus3-fill30-a3.0-2,29,minorminer,30,,0.008750628913237773,0.741943359375,
excess_p3_f30.log,pegasus3-fill30-a3.0-24,30,policy,94,9,0.1395976630199325,0.1416015625,
excess_p3_f30.log,pegasus3-fill30-a3.0-24,30,pruned,64,6,0.20108725086655782,0.050537109375,
excess_p3_f30.log,pegasus3-fill30-a3.0-24,30,minorminer,37,,0.06880111297660287,0.35546875,
excess_p3_f30.log,pegasus3-fill30-a3.0-18,25,policy,63,8,0.16011326749559554,0.259765625,
excess_p3_f30.log,pegasus3-fill30-a3.0-18,25,pruned,45,4,0.15758073833626424,0.27783203125,
excess_p3_f30.log,pegasus3-fill30-a3.0-18,25,minorminer,29,,0.07137674680897804,0.386962890625,
excess_p3_f30.log,pegasus3-fill30-a3.0-28,27,policy,80,10,0.10706387269523061,0.1611328125,
excess_p3_f30.log,pegasus3-fill30-a3.0-28,27,pruned,48,5,0.0752355612798267,0.2802734375,
excess_p3_f30.log,pegasus3-fill30-a3.0-28,27,minorminer,28,,0.0419710039316698,0.39990234375,
excess_clone_p3.log,pegasus3-fill30-a3.0-14,31,policy,65,8,0.1601562500000028,0.10400390625,
excess_clone_p3.log,pegasus3-fill30-a3.0-14,31,pruned,44,6,0.13559506345524264,0.09228515625,
excess_clone_p3.log,pegasus3-fill30-a3.0-14,31,minorminer,33,,0.05647004639738176,0.252685546875,
excess_clone_p3.log,pegasus3-fill30-a3.0-17,34,policy,88,7,0.061293737104539885,0.239013671875,
excess_clone_p3.log,pegasus3-fill30-a3.0-17,34,pruned,64,4,0.07274383167125359,0.059326171875,
excess_clone_p3.log,pegasus3-fill30-a3.0-17,34,minorminer,35,,0.01976498022695989,0.529541015625,
excess_clone_p3.log,pegasus3-fill30-a3.0-21,26,policy,46,4,0.09203124999999931,0.23974609375,
excess_clone_p3.log,pegasus3-fill30-a3.0-21,26,pruned,40,3,0.09499255952380894,0.250732421875,
excess_clone_p3.log,pegasus3-fill30-a3.0-21,26,minorminer,28,,0.042899925595237746,0.50244140625,
excess_clone_p3.log,pegasus3-fill30-a3.0-4,13,policy,30,5,0.10661044551749291,0.453857421875,
excess_clone_p3.log,pegasus3-fill30-a3.0-4,13,pruned,23,5,0.10915292456267743,0.155517578125,
excess_clone_p3.log,pegasus3-fill30-a3.0-4,13,minorminer,15,,0.11760033254372733,0.263916015625,
excess_clone_p3.log,pegasus3-fill30-a3.0-2,29,policy,59,7,0.05540550927996391,0.112548828125,
excess_clone_p3.log,pegasus3-fill30-a3.0-2,29,pruned,48,5,0.05048251621198507,0.139892578125,
excess_clone_p3.log,pegasus3-fill30-a3.0-2,29,minorminer,30,,0.008750628913237773,0.741943359375,
excess_clone_p3.log,pegasus3-fill30-a3.0-24,30,policy,67,5,0.1042958595103991,0.232421875,
excess_clone_p3.log,pegasus3-fill30-a3.0-24,30,pruned,47,4,0.17717077827123245,0.089599609375,
excess_clone_p3.log,pegasus3-fill30-a3.0-24,30,minorminer,37,,0.06880111297660287,0.35546875,
excess_clone_p3.log,pegasus3-fill30-a3.0-18,25,policy,59,7,0.08463427046654812,0.42578125,
excess_clone_p3.log,pegasus3-fill30-a3.0-18,25,pruned,48,5,0.09954404159330842,0.41796875,
excess_clone_p3.log,pegasus3-fill30-a3.0-18,25,minorminer,29,,0.07137674680897804,0.386962890625,
excess_clone_p3.log,pegasus3-fill30-a3.0-28,27,policy,53,5,0.1108070092190899,0.05908203125,
excess_clone_p3.log,pegasus3-fill30-a3.0-28,27,pruned,42,4,0.08912139031995685,0.132080078125,
excess_clone_p3.log,pegasus3-fill30-a3.0-28,27,minorminer,28,,0.0419710039316698,0.39990234375,
excess20_pre_p3.log,pegasus3-fill30-a3.0-22,32,policy,79,7,0.09112177309782309,0.09716796875,
excess20_pre_p3.log,pegasus3-fill30-a3.0-22,32,pruned,39,3,0.0575683593749984,0.24609375,
excess20_pre_p3.log,pegasus3-fill30-a3.0-22,32,minorminer,33,,0.05244352921195484,0.1767578125,
excess20_pre_p3.log,pegasus3-fill30-a3.0-17,34,policy,98,9,0.06827609181568213,0.18408203125,
excess20_pre_p3.log,pegasus3-fill30-a3.0-17,34,pruned,58,4,0.08679719738652121,0.176025390625,
excess20_pre_p3.log,pegasus3-fill30-a3.0-17,34,minorminer,39,,0.031560297025447055,0.304443359375,
excess20_pre_p3.log,pegasus3-fill30-a3.0-19,30,policy,79,9,0.09045930046848435,0.110107421875,
excess20_pre_p3.log,pegasus3-fill30-a3.0-19,30,pruned,50,4,0.095207357325384,0.057373046875,
excess20_pre_p3.log,pegasus3-fill30-a3.0-19,30,minorminer,30,,0.03519617759795635,0.42138671875,
excess20_pre_p3.log,pegasus3-fill30-a3.0-21,26,policy,74,7,0.13667782738095366,0.121337890625,
excess20_pre_p3.log,pegasus3-fill30-a3.0-21,26,pruned,45,4,0.18867373511905075,0.045166015625,
excess20_pre_p3.log,pegasus3-fill30-a3.0-21,26,minorminer,28,,0.12864769345237986,0.371337890625,
excess20_pre_p3.log,pegasus3-fill30-a3.0-25,32,policy,87,9,0.10027821858723951,0.092529296875,
excess20_pre_p3.log,pegasus3-fill30-a3.0-25,32,pruned,47,7,0.1242065429687503,0.119140625,
excess20_pre_p3.log,pegasus3-fill30-a3.0-25,32,minorminer,33,,0.07026926676432278,0.2197265625,
excess20_pre_p3.log,pegasus3-fill30-a3.0-7,31,policy,92,8,0.05480367100371846,0.43505859375,
excess20_pre_p3.log,pegasus3-fill30-a3.0-7,31,pruned,47,5,0.06458200220725052,0.249755859375,
excess20_pre_p3.log,pegasus3-fill30-a3.0-7,31,minorminer,35,,0.02587346073420041,0.476806640625,
excess20_pre_p3.log,pegasus3-fill30-a3.0-10,29,policy,71,5,0.09728845373376327,0.14501953125,
excess20_pre_p3.log,pegasus3-fill30-a3.0-10,29,pruned,46,3,0.12428433731446789,0.129638671875,
excess20_pre_p3.log,pegasus3-fill30-a3.0-10,29,minorminer,30,,0.10573327342300086,0.321533203125,
excess20_pre_p3.log,pegasus3-fill30-a3.0-5,34,policy,82,7,0.11295761078997939,0.1015625,
excess20_pre_p3.log,pegasus3-fill30-a3.0-5,34,pruned,47,3,0.12016987295279287,0.093017578125,
excess20_pre_p3.log,pegasus3-fill30-a3.0-5,34,minorminer,35,,0.05976035645472258,0.190185546875,
excess20_pre_p3.log,pegasus3-fill30-a3.0-26,33,policy,105,8,0.16596105792389093,0.06640625,
excess20_pre_p3.log,pegasus3-fill30-a3.0-26,33,pruned,71,6,0.19091702793834234,0.048828125,
excess20_pre_p3.log,pegasus3-fill30-a3.0-26,33,minorminer,41,,0.06194680274566626,0.23193359375,
excess20_pre_p3.log,pegasus3-fill30-a3.0-15,27,policy,67,6,0.08162122601580064,0.213623046875,
excess20_pre_p3.log,pegasus3-fill30-a3.0-15,27,pruned,38,4,0.08662307773701906,0.2587890625,
excess20_pre_p3.log,pegasus3-fill30-a3.0-15,27,minorminer,29,,0.0288339446952606,0.461669921875,
excess20_pre_p3.log,pegasus3-fill30-a3.0-24,30,policy,95,12,0.20306745558925993,0.0849609375,
excess20_pre_p3.log,pegasus3-fill30-a3.0-24,30,pruned,61,6,0.22676729040295202,0.079345703125,
excess20_pre_p3.log,pegasus3-fill30-a3.0-24,30,minorminer,33,,0.11049542352686305,0.212646484375,
excess20_pre_p3.log,pegasus3-fill30-a3.0-3,26,policy,66,7,0.10387296365914778,0.420166015625,
excess20_pre_p3.log,pegasus3-fill30-a3.0-3,26,pruned,43,6,0.08904585682957407,0.509521484375,
excess20_pre_p3.log,pegasus3-fill30-a3.0-3,26,minorminer,31,,0.06847685620300764,0.64892578125,
excess20_pre_p3.log,pegasus3-fill30-a3.0-8,33,policy,79,8,0.11654273343373471,0.136474609375,
excess20_pre_p3.log,pegasus3-fill30-a3.0-8,33,pruned,51,3,0.10876317771084296,0.144287109375,
excess20_pre_p3.log,pegasus3-fill30-a3.0-8,33,minorminer,34,,0.0887165850903616,0.32666015625,
excess20_pre_p3.log,pegasus3-fill30-a3.0-9,32,policy,73,5,0.08717516447368394,0.283447265625,
excess20_pre_p3.log,pegasus3-fill30-a3.0-9,32,pruned,46,3,0.17016858552631575,0.060791015625,
excess20_pre_p3.log,pegasus3-fill30-a3.0-9,32,minorminer,34,,0.03938939144736827,0.49267578125,
excess20_pre_p3.log,pegasus3-fill30-a3.0-23,28,policy,97,8,0.14527196344339569,0.103515625,
excess20_pre_p3.log,pegasus3-fill30-a3.0-23,28,pruned,57,6,0.125068175117924,0.022216796875,
excess20_pre_p3.log,pegasus3-fill30-a3.0-23,28,minorminer,35,,0.251580925707545,0.054931640625,
excess20_pre_p3.log,pegasus3-fill30-a3.0-27,24,policy,59,5,0.143037288560778,0.128662109375,
excess20_pre_p3.log,pegasus3-fill30-a3.0-27,24,pruned,42,4,0.14719887829701578,0.134765625,
excess20_pre_p3.log,pegasus3-fill30-a3.0-27,24,minorminer,30,,0.10005061998279667,0.193603515625,
excess20_pre_p3.log,pegasus3-fill30-a3.0-11,25,policy,60,6,0.039243693524096526,0.49853515625,
excess20_pre_p3.log,pegasus3-fill30-a3.0-11,25,pruned,28,2,0.011292827560240897,0.762939453125,
excess20_pre_p3.log,pegasus3-fill30-a3.0-11,25,minorminer,26,,0.014733151355421508,0.68603515625,
excess20_pre_p3.log,pegasus3-fill30-a3.0-0,17,policy,42,5,0.042616962355907964,0.7421875,
excess20_pre_p3.log,pegasus3-fill30-a3.0-0,17,pruned,26,4,0.01815787103746382,0.825439453125,
excess20_pre_p3.log,pegasus3-fill30-a3.0-0,17,minorminer,18,,0.007896929034582192,0.88232421875,
excess20_pre_p3.log,pegasus3-fill30-a3.0-1,28,policy,55,5,0.11505007276348232,0.311279296875,
excess20_pre_p3.log,pegasus3-fill30-a3.0-1,28,pruned,36,3,0.04074276194852992,0.553955078125,
excess20_pre_p3.log,pegasus3-fill30-a3.0-1,28,minorminer,29,,0.05228439031862805,0.536376953125,
excess20_pre_p3.log,pegasus3-fill30-a3.0-2,29,policy,67,6,0.03388794163685178,0.567626953125,
excess20_pre_p3.log,pegasus3-fill30-a3.0-2,29,pruned,38,3,0.020009922853309527,0.552001953125,
excess20_pre_p3.log,pegasus3-fill30-a3.0-2,29,minorminer,30,,0.009003941189624167,0.736572265625,
excess20_clone_p3.log,pegasus3-fill30-a3.0-22,32,policy,60,5,0.057551375679346144,0.26220703125,
excess20_clone_p3.log,pegasus3-fill30-a3.0-22,32,pruned,48,4,0.06574176290760686,0.243408203125,
excess20_clone_p3.log,pegasus3-fill30-a3.0-22,32,minorminer,33,,0.05244352921195484,0.1767578125,
excess20_clone_p3.log,pegasus3-fill30-a3.0-17,34,policy,90,9,0.09112792297111541,0.2216796875,
excess20_clone_p3.log,pegasus3-fill30-a3.0-17,34,pruned,61,5,0.10995663901306832,0.139892578125,
excess20_clone_p3.log,pegasus3-fill30-a3.0-17,34,minorminer,39,,0.031560297025447055,0.304443359375,
excess20_clone_p3.log,pegasus3-fill30-a3.0-19,30,policy,76,12,0.18469342259369875,0.010009765625,
excess20_clone_p3.log,pegasus3-fill30-a3.0-19,30,pruned,54,7,0.1316313085604789,0.06640625,
excess20_clone_p3.log,pegasus3-fill30-a3.0-19,30,minorminer,30,,0.03519617759795635,0.42138671875,
excess20_clone_p3.log,pegasus3-fill30-a3.0-21,26,policy,49,5,0.09791852678571406,0.160888671875,
excess20_clone_p3.log,pegasus3-fill30-a3.0-21,26,pruned,40,4,0.14548921130952064,0.02783203125,
excess20_clone_p3.log,pegasus3-fill30-a3.0-21,26,minorminer,28,,0.12864769345237986,0.371337890625,
excess20_clone_p3.log,pegasus3-fill30-a3.0-25,32,policy,61,7,0.15634663899739593,0.081787109375,
excess20_clone_p3.log,pegasus3-fill30-a3.0-25,32,pruned,55,6,0.13522084554036456,0.099609375,
excess20_clone_p3.log,pegasus3-fill30-a3.0-25,32,minorminer,33,,0.07026926676432278,0.2197265625,
excess20_clone_p3.log,pegasus3-fill30-a3.0-7,31,policy,77,8,0.044914614312268314,0.4921875,
excess20_clone_p3.log,pegasus3-fill30-a3.0-7,31,pruned,50,4,0.07677088173791903,0.466064453125,
excess20_clone_p3.log,pegasus3-fill30-a3.0-7,31,minorminer,35,,0.02587346073420041,0.476806640625,
excess20_clone_p3.log,pegasus3-fill30-a3.0-10,29,policy,82,10,0.1849399205705025,0.031494140625,
excess20_clone_p3.log,pegasus3-fill30-a3.0-10,29,pruned,51,5,0.18294512407235683,0.09521484375,
excess20_clone_p3.log,pegasus3-fill30-a3.0-10,29,minorminer,30,,0.10573327342300086,0.321533203125,
excess20_clone_p3.log,pegasus3-fill30-a3.0-5,34,policy,58,6,0.0909012223025067,0.05517578125,
excess20_clone_p3.log,pegasus3-fill30-a3.0-5,34,pruned,50,4,0.10296619099229459,0.048583984375,
excess20_clone_p3.log,pegasus3-fill30-a3.0-5,34,minorminer,35,,0.05976035645472258,0.190185546875,
excess20_clone_p3.log,pegasus3-fill30-a3.0-26,33,policy,109,12,0.21209846158477727,0.010986328125,
excess20_clone_p3.log,pegasus3-fill30-a3.0-26,33,pruned,78,8,0.20010875782755247,0.03564453125,
excess20_clone_p3.log,pegasus3-fill30-a3.0-26,33,minorminer,41,,0.06194680274566626,0.23193359375,
excess20_clone_p3.log,pegasus3-fill30-a3.0-15,27,policy,53,9,0.13590531532166772,0.036376953125,
excess20_clone_p3.log,pegasus3-fill30-a3.0-15,27,pruned,41,4,0.15296760369638687,0.02392578125,
excess20_clone_p3.log,pegasus3-fill30-a3.0-15,27,minorminer,29,,0.0288339446952606,0.461669921875,
excess20_clone_p3.log,pegasus3-fill30-a3.0-24,30,policy,97,18,0.15656141681109348,0.095703125,
excess20_clone_p3.log,pegasus3-fill30-a3.0-24,30,pruned,63,7,0.18382562012565354,0.060546875,
excess20_clone_p3.log,pegasus3-fill30-a3.0-24,30,minorminer,33,,0.11049542352686305,0.212646484375,
excess20_clone_p3.log,pegasus3-fill30-a3.0-3,26,policy,61,7,0.15057663690476103,0.44970703125,
excess20_clone_p3.log,pegasus3-fill30-a3.0-3,26,pruned,37,4,0.15051789630325665,0.439208984375,
excess20_clone_p3.log,pegasus3-fill30-a3.0-3,26,minorminer,31,,0.06847685620300764,0.64892578125,
excess20_clone_p3.log,pegasus3-fill30-a3.0-8,33,policy,62,6,0.11213996611445841,0.037841796875,
excess20_clone_p3.log,pegasus3-fill30-a3.0-8,33,pruned,48,4,0.10900084713855447,0.045654296875,
excess20_clone_p3.log,pegasus3-fill30-a3.0-8,33,minorminer,34,,0.0887165850903616,0.32666015625,
excess20_clone_p3.log,pegasus3-fill30-a3.0-9,32,policy,70,9,0.1922368421052584,0.08154296875,
excess20_clone_p3.log,pegasus3-fill30-a3.0-9,32,pruned,47,3,0.184037828947368,0.107421875,
excess20_clone_p3.log,pegasus3-fill30-a3.0-9,32,minorminer,34,,0.03938939144736827,0.49267578125,
excess20_clone_p3.log,pegasus3-fill30-a3.0-23,28,policy,74,8,0.17845482016509295,0.0908203125,
excess20_clone_p3.log,pegasus3-fill30-a3.0-23,28,pruned,60,6,0.12464806898584954,0.08447265625,
excess20_clone_p3.log,pegasus3-fill30-a3.0-23,28,minorminer,35,,0.251580925707545,0.054931640625,
excess20_clone_p3.log,pegasus3-fill30-a3.0-27,24,policy,68,9,0.1353681371846294,0.062255859375,
excess20_clone_p3.log,pegasus3-fill30-a3.0-27,24,pruned,48,9,0.1389451333142165,0.031494140625,
excess20_clone_p3.log,pegasus3-fill30-a3.0-27,24,minorminer,30,,0.10005061998279667,0.193603515625,
excess20_clone_p3.log,pegasus3-fill30-a3.0-11,25,policy,37,3,0.12097373870482064,0.236083984375,
excess20_clone_p3.log,pegasus3-fill30-a3.0-11,25,pruned,31,2,0.11803463855421814,0.2314453125,
excess20_clone_p3.log,pegasus3-fill30-a3.0-11,25,minorminer,26,,0.014733151355421508,0.68603515625,
excess20_clone_p3.log,pegasus3-fill30-a3.0-0,17,policy,35,6,0.019021861491354312,0.798095703125,
excess20_clone_p3.log,pegasus3-fill30-a3.0-0,17,pruned,29,5,0.019905552053313902,0.78125,
excess20_clone_p3.log,pegasus3-fill30-a3.0-0,17,minorminer,18,,0.007896929034582192,0.88232421875,
excess20_clone_p3.log,pegasus3-fill30-a3.0-1,28,policy,48,3,0.03895718443627507,0.55810546875,
excess20_clone_p3.log,pegasus3-fill30-a3.0-1,28,pruned,39,3,0.09159581801470676,0.319091796875,
excess20_clone_p3.log,pegasus3-fill30-a3.0-1,28,minorminer,29,,0.05228439031862805,0.536376953125,
excess20_clone_p3.log,pegasus3-fill30-a3.0-2,29,policy,74,15,0.06819690574686933,0.375732421875,
excess20_clone_p3.log,pegasus3-fill30-a3.0-2,29,pruned,40,5,0.0922126565295188,0.34619140625,
excess20_clone_p3.log,pegasus3-fill30-a3.0-2,29,minorminer,30,,0.009003941189624167,0.736572265625,
